Jahr;Unternehmensart;Bundesland;Unternehmen;Beförderte Personen;Beförderungsleistung;Fahrleistung;Beförderungsangebot;Einnahmen im Liniennahverkehr
;;;Anzahl;Anzahl;Person-km;Fahrzg-km;Platz-km;EUR
2004;Öffentliche Unternehmen;Baden-Württemberg;38;891234182;6386378561;273002785;/;735107696
2004;Öffentliche Unternehmen;Bayern;74;1121305164;7316943892;234325485;/;815012022
2004;Öffentliche Unternehmen;Berlin;3;1224586548;7144340892;164556730;/;908546947
2004;Öffentliche Unternehmen;Brandenburg;25;140555601;1385514796;85922281;/;80397778
2004;Öffentliche Unternehmen;Bremen;4;139544441;899943250;57277881;/;100382915
2004;Öffentliche Unternehmen;Hamburg;5;528844794;3530523886;94373068;/;482800860
2004;Öffentliche Unternehmen;Hessen;48;1188223254;24071596978;524347668;/;1778222509
2004;Öffentliche Unternehmen;Mecklenburg-Vorpommern;22;111869080;1040339406;63497864;/;94037710
2004;Öffentliche Unternehmen;Niedersachsen;38;436389511;2824576492;176738438;/;384424155
2004;Öffentliche Unternehmen;Nordrhein-Westfalen;54;2067290539;16927603563;570739817;/;1679684800
2004;Öffentliche Unternehmen;Rheinland-Pfalz;15;164272520;1051064203;52178601;/;120025838
2004;Öffentliche Unternehmen;Saarland;6;100095709;810753865;51075846;/;91510386
2004;Öffentliche Unternehmen;Sachsen;17;378710487;2390961318;114981700;/;225071670
2004;Öffentliche Unternehmen;Sachsen-Anhalt;24;172572062;1459368974;82038494;/;114998255
2004;Öffentliche Unternehmen;Schleswig-Holstein;17;189613873;1874628117;89595684;/;157770602
2004;Öffentliche Unternehmen;Thüringen;25;155723021;1277418846;78560421;/;107509222
2004;Gemischtwirtschaftliche Unternehmen;Baden-Württemberg;9;34532682;259293073;11875411;/;24628266
2004;Gemischtwirtschaftliche Unternehmen;Bayern;4;72360143;594921093;32922783;/;67079012
2004;Gemischtwirtschaftliche Unternehmen;Berlin;6;297187;46442507;2223219;/;490529
2004;Gemischtwirtschaftliche Unternehmen;Brandenburg;1;2872158;28634754;2582642;/;2794267
2004;Gemischtwirtschaftliche Unternehmen;Bremen;1;4657;2760064;60810;/;0
2004;Gemischtwirtschaftliche Unternehmen;Hamburg;2;80194;87283019;2181850;/;0
2004;Gemischtwirtschaftliche Unternehmen;Hessen;10;10804270;168401961;9254392;/;9178341
2004;Gemischtwirtschaftliche Unternehmen;Mecklenburg-Vorpommern;4;1248791;27844293;1668864;/;2785011
2004;Gemischtwirtschaftliche Unternehmen;Niedersachsen;14;61135311;882377995;53291343;/;78087732
2004;Gemischtwirtschaftliche Unternehmen;Nordrhein-Westfalen;15;228077961;1309908145;60765502;/;136206762
2004;Gemischtwirtschaftliche Unternehmen;Rheinland-Pfalz;14;59238250;832732153;50018506;/;71851117
2004;Gemischtwirtschaftliche Unternehmen;Saarland;0;0;0;0;/;0
2004;Gemischtwirtschaftliche Unternehmen;Sachsen;5;38369600;384967634;27069625;/;23526378
2004;Gemischtwirtschaftliche Unternehmen;Sachsen-Anhalt;2;6967460;77848012;6507944;/;5753375
2004;Gemischtwirtschaftliche Unternehmen;Schleswig-Holstein;0;0;0;0;/;0
2004;Gemischtwirtschaftliche Unternehmen;Thüringen;4;18229836;158320704;15014877;/;16079037
2004;Private Unternehmen;Baden-Württemberg;614;165706586;4430559138;199209252;/;157481084
2004;Private Unternehmen;Bayern;1242;211491981;9309264893;412508334;/;316050429
2004;Private Unternehmen;Berlin;86;3249502;661786783;22789992;/;5040974
2004;Private Unternehmen;Brandenburg;158;5595225;1041864253;31067537;/;3211340
2004;Private Unternehmen;Bremen;12;394442;98606200;3664140;/;311300
2004;Private Unternehmen;Hamburg;24;1529982;218417173;7969293;/;6402209
2004;Private Unternehmen;Hessen;427;53588832;4087823428;165205966;/;59638105
2004;Private Unternehmen;Mecklenburg-Vorpommern;83;10748625;689668054;26051222;/;18535042
2004;Private Unternehmen;Niedersachsen;375;68646696;3234581269;132963034;/;74763212
2004;Private Unternehmen;Nordrhein-Westfalen;811;101189019;4924797946;232741486;/;105041401
2004;Private Unternehmen;Rheinland-Pfalz;258;63781380;2510960021;87796527;/;66908740
2004;Private Unternehmen;Saarland;62;1675303;389436058;12703568;/;2028905
2004;Private Unternehmen;Sachsen;249;51137237;1484077397;76024794;/;48834961
2004;Private Unternehmen;Sachsen-Anhalt;124;17050607;967507914;40326187;/;16305942
2004;Private Unternehmen;Schleswig-Holstein;135;64599045;2507110905;64673407;/;122238769
2004;Private Unternehmen;Thüringen;147;8930403;1467401105;34037362;/;7166523
2005;Öffentliche Unternehmen;Baden-Württemberg;41;912843256;6522775885;271450195;/;778191584
2005;Öffentliche Unternehmen;Bayern;77;1142722153;7631862483;231688647;/;861702094
2005;Öffentliche Unternehmen;Berlin;3;1264018723;7533886634;165040979;/;949727945
2005;Öffentliche Unternehmen;Brandenburg;23;133455715;1373274679;86661902;/;118121443
2005;Öffentliche Unternehmen;Bremen;4;150831759;1057178638;57503581;/;131728903
2005;Öffentliche Unternehmen;Hamburg;5;526691278;3516557127;87307265;/;434610676
2005;Öffentliche Unternehmen;Hessen;47;1173288774;24048767958;505620430;/;1841008955
2005;Öffentliche Unternehmen;Mecklenburg-Vorpommern;22;111174919;1056935375;63026136;/;117609133
2005;Öffentliche Unternehmen;Niedersachsen;37;425301983;2673354899;168055561;/;374162912
2005;Öffentliche Unternehmen;Nordrhein-Westfalen;54;2162908634;17919618591;578876821;/;1684957916
2005;Öffentliche Unternehmen;Rheinland-Pfalz;15;145323132;902165908;40212813;/;110024107
2005;Öffentliche Unternehmen;Saarland;6;98116227;792591291;50050760;/;98791820
2005;Öffentliche Unternehmen;Sachsen;17;378950724;2416489960;112379573;/;230773327
2005;Öffentliche Unternehmen;Sachsen-Anhalt;22;168192795;1404852432;75977110;/;124758622
2005;Öffentliche Unternehmen;Schleswig-Holstein;17;181393932;1849430693;89983354;/;169774731
2005;Öffentliche Unternehmen;Thüringen;26;151383635;1325414844;78242170;/;126873177
2005;Gemischtwirtschaftliche Unternehmen;Baden-Württemberg;10;41563235;264853261;11917586;/;25407672
2005;Gemischtwirtschaftliche Unternehmen;Bayern;4;71037213;582658135;31462431;/;66314645
2005;Gemischtwirtschaftliche Unternehmen;Berlin;6;321575;52724033;2405315;/;736909
2005;Gemischtwirtschaftliche Unternehmen;Brandenburg;1;4265777;50342540;4248059;/;5022460
2005;Gemischtwirtschaftliche Unternehmen;Bremen;1;4657;2760064;60810;/;0
2005;Gemischtwirtschaftliche Unternehmen;Hamburg;2;87475;95551385;2351763;/;0
2005;Gemischtwirtschaftliche Unternehmen;Hessen;9;22743342;225280086;12178919;/;17823834
2005;Gemischtwirtschaftliche Unternehmen;Mecklenburg-Vorpommern;5;4345419;823270318;5724583;/;2979346
2005;Gemischtwirtschaftliche Unternehmen;Niedersachsen;15;75555346;1145598759;57947500;/;84568203
2005;Gemischtwirtschaftliche Unternehmen;Nordrhein-Westfalen;16;242631051;1390116793;62837542;/;158420679
2005;Gemischtwirtschaftliche Unternehmen;Rheinland-Pfalz;13;57386151;812937365;50236111;/;89464818
2005;Gemischtwirtschaftliche Unternehmen;Saarland;0;0;0;0;/;0
2005;Gemischtwirtschaftliche Unternehmen;Sachsen;5;41565062;415521786;26705408;/;31286190
2005;Gemischtwirtschaftliche Unternehmen;Sachsen-Anhalt;6;15439745;198863157;15870567;/;16927616
2005;Gemischtwirtschaftliche Unternehmen;Schleswig-Holstein;0;0;0;0;/;0
2005;Gemischtwirtschaftliche Unternehmen;Thüringen;4;17253820;151259872;14804059;/;20011512
2005;Private Unternehmen;Baden-Württemberg;596;159016297;4272529901;193789337;/;168924643
2005;Private Unternehmen;Bayern;1242;223082496;8204824401;379960075;/;343360094
2005;Private Unternehmen;Berlin;94;3898039;666295031;25695089;/;10094716
2005;Private Unternehmen;Brandenburg;159;5313135;905994188;27942534;/;2965728
2005;Private Unternehmen;Bremen;11;183902;49548150;1830290;/;461200
2005;Private Unternehmen;Hamburg;24;1612337;211346911;7964907;/;4722659
2005;Private Unternehmen;Hessen;419;46103303;3649127536;146282761;/;56180011
2005;Private Unternehmen;Mecklenburg-Vorpommern;82;10381162;654063300;24633377;/;14193983
2005;Private Unternehmen;Niedersachsen;372;73503107;3816106522;120158668;/;135015147
2005;Private Unternehmen;Nordrhein-Westfalen;823;96137436;5379923625;208795579;/;118827097
2005;Private Unternehmen;Rheinland-Pfalz;252;63281847;2599703258;86081003;/;72362338
2005;Private Unternehmen;Saarland;62;1861120;330371955;11656097;/;2683426
2005;Private Unternehmen;Sachsen;276;32935542;1562721630;77432618;/;51679319
2005;Private Unternehmen;Sachsen-Anhalt;125;11685330;853411511;34518919;/;12448155
2005;Private Unternehmen;Schleswig-Holstein;148;63682071;2863786219;69838411;/;130780062
2005;Private Unternehmen;Thüringen;141;5970374;1361648748;29954344;/;7061919
2006;Öffentliche Unternehmen;Baden-Württemberg;40;905822083;6798834231;264122715;/;823618140
2006;Öffentliche Unternehmen;Bayern;76;968495102;5329832755;211378848;/;712611414
2006;Öffentliche Unternehmen;Berlin;3;1290169908;7654597288;163086113;/;1103515797
2006;Öffentliche Unternehmen;Brandenburg;23;134720880;1346815078;92310955;/;119668362
2006;Öffentliche Unternehmen;Bremen;4;144390999;989073978;55538672;/;138159623
2006;Öffentliche Unternehmen;Hamburg;5;540535301;3605446753;94291900;/;515487831
2006;Öffentliche Unternehmen;Hessen;45;1400497939;27237654090;513413772;/;2019940936
2006;Öffentliche Unternehmen;Mecklenburg-Vorpommern;22;106844298;1032908674;61407826;/;111834488
2006;Öffentliche Unternehmen;Niedersachsen;36;420969021;2702981364;165480383;/;372558211
2006;Öffentliche Unternehmen;Nordrhein-Westfalen;52;2116715175;18164474614;547704534;/;1767634251
2006;Öffentliche Unternehmen;Rheinland-Pfalz;16;158355684;1028755002;43055678;/;127283211
2006;Öffentliche Unternehmen;Saarland;6;98116479;807256146;47175484;/;99317153
2006;Öffentliche Unternehmen;Sachsen;18;363451261;2287884320;102615181;/;229740195
2006;Öffentliche Unternehmen;Sachsen-Anhalt;20;159681039;1332414170;69023527;/;113870999
2006;Öffentliche Unternehmen;Schleswig-Holstein;16;176812941;1865160766;93039337;/;170032883
2006;Öffentliche Unternehmen;Thüringen;26;148818115;1302195341;76941602;/;125894023
2006;Gemischtwirtschaftliche Unternehmen;Baden-Württemberg;11;65575173;384011938;16440223;/;39058307
2006;Gemischtwirtschaftliche Unternehmen;Bayern;9;71947596;604433921;33064973;/;72056369
2006;Gemischtwirtschaftliche Unternehmen;Berlin;6;316752;44330575;2249723;/;544729
2006;Gemischtwirtschaftliche Unternehmen;Brandenburg;1;3103857;49899948;3856643;/;4948156
2006;Gemischtwirtschaftliche Unternehmen;Bremen;1;4657;2760064;60810;/;0
2006;Gemischtwirtschaftliche Unternehmen;Hamburg;2;201359;44376194;1440641;/;0
2006;Gemischtwirtschaftliche Unternehmen;Hessen;8;10255914;155793293;7073742;/;11273890
2006;Gemischtwirtschaftliche Unternehmen;Mecklenburg-Vorpommern;5;4536840;98679238;4800194;/;5764554
2006;Gemischtwirtschaftliche Unternehmen;Niedersachsen;14;69092355;1123756958;52354420;/;90606786
2006;Gemischtwirtschaftliche Unternehmen;Nordrhein-Westfalen;15;268260409;1526150922;74537156;/;185520602
2006;Gemischtwirtschaftliche Unternehmen;Rheinland-Pfalz;12;46093891;747962991;46924030;/;76785161
2006;Gemischtwirtschaftliche Unternehmen;Saarland;0;0;0;0;/;0
2006;Gemischtwirtschaftliche Unternehmen;Sachsen;8;36708490;483259818;30200300;/;34003362
2006;Gemischtwirtschaftliche Unternehmen;Sachsen-Anhalt;7;17018737;232128617;18305185;/;21756949
2006;Gemischtwirtschaftliche Unternehmen;Schleswig-Holstein;0;0;0;0;/;0
2006;Gemischtwirtschaftliche Unternehmen;Thüringen;4;16128298;145176208;14540453;/;17816101
2006;Private Unternehmen;Baden-Württemberg;611;164984521;4210160746;193694596;/;195151707
2006;Private Unternehmen;Bayern;1221;227997590;8616402007;367935807;/;341714568
2006;Private Unternehmen;Berlin;93;4157547;611177359;30421113;/;10071283
2006;Private Unternehmen;Brandenburg;159;5308692;886462952;28207239;/;3259018
2006;Private Unternehmen;Bremen;10;122952;36786150;1198490;/;130000
2006;Private Unternehmen;Hamburg;22;1920372;213618276;8294547;/;5677609
2006;Private Unternehmen;Hessen;405;46279369;3440441255;145008138;/;61252365
2006;Private Unternehmen;Mecklenburg-Vorpommern;85;9630176;632908862;25460699;/;12599320
2006;Private Unternehmen;Niedersachsen;388;74996896;4255307884;123583042;/;135308079
2006;Private Unternehmen;Nordrhein-Westfalen;820;94640497;4996917313;192737915;/;112033696
2006;Private Unternehmen;Rheinland-Pfalz;247;63862921;2575604397;85126905;/;78346860
2006;Private Unternehmen;Saarland;61;2034576;369921438;12388957;/;2788125
2006;Private Unternehmen;Sachsen;264;37815306;1489675564;77842315;/;56439926
2006;Private Unternehmen;Sachsen-Anhalt;124;13213735;842626546;35210568;/;17499681
2006;Private Unternehmen;Schleswig-Holstein;132;58256891;2535967087;57149426;/;107392812
2006;Private Unternehmen;Thüringen;140;6470758;1417800123;27597507;/;6948333
2007;Öffentliche Unternehmen;Baden-Württemberg;39;919094464;6919060426;262581042;/;843256905
2007;Öffentliche Unternehmen;Bayern;77;1006624163;5502813887;219564055;/;748265798
2007;Öffentliche Unternehmen;Berlin;3;1274931509;7749198482;160159845;/;1113291144
2007;Öffentliche Unternehmen;Brandenburg;25;119122646;1145839327;77107389;/;109539995
2007;Öffentliche Unternehmen;Bremen;4;147727102;1046902179;56174350;/;140591109
2007;Öffentliche Unternehmen;Hamburg;5;557568221;3690150504;87691599;/;546592834
2007;Öffentliche Unternehmen;Hessen;48;1450536088;28673020540;514628038;/;2162786061
2007;Öffentliche Unternehmen;Mecklenburg-Vorpommern;22;102538097;981921345;59685237;/;111907734
2007;Öffentliche Unternehmen;Niedersachsen;36;427965484;2719317944;164049574;/;356470503
2007;Öffentliche Unternehmen;Nordrhein-Westfalen;52;2154469972;18503660096;550867427;/;1870296952
2007;Öffentliche Unternehmen;Rheinland-Pfalz;16;159010434;1106728201;42806771;/;131809413
2007;Öffentliche Unternehmen;Saarland;6;99190493;826390188;47732603;/;102820349
2007;Öffentliche Unternehmen;Sachsen;21;372006464;2440357466;111593493;/;248477354
2007;Öffentliche Unternehmen;Sachsen-Anhalt;20;158358126;1401383341;71887814;/;119915524
2007;Öffentliche Unternehmen;Schleswig-Holstein;16;189439303;1898891542;93131656;/;177820863
2007;Öffentliche Unternehmen;Thüringen;26;144471073;1266812345;76673040;/;124126927
2007;Gemischtwirtschaftliche Unternehmen;Baden-Württemberg;8;65033378;381623337;16124183;/;40401294
2007;Gemischtwirtschaftliche Unternehmen;Bayern;8;42102485;519811123;27729041;/;57882364
2007;Gemischtwirtschaftliche Unternehmen;Berlin;6;432269;48475793;2502675;/;546540
2007;Gemischtwirtschaftliche Unternehmen;Brandenburg;2;9931171;150918734;9508656;/;12667537
2007;Gemischtwirtschaftliche Unternehmen;Bremen;1;4657;2760064;60810;/;0
2007;Gemischtwirtschaftliche Unternehmen;Hamburg;2;196359;43255791;1081170;/;0
2007;Gemischtwirtschaftliche Unternehmen;Hessen;8;10089674;147364767;7251250;/;11487204
2007;Gemischtwirtschaftliche Unternehmen;Mecklenburg-Vorpommern;5;4365203;92476702;4422421;/;5865628
2007;Gemischtwirtschaftliche Unternehmen;Niedersachsen;14;74310363;1237302633;57487706;/;105826184
2007;Gemischtwirtschaftliche Unternehmen;Nordrhein-Westfalen;17;248288138;1402597381;64848253;/;169025385
2007;Gemischtwirtschaftliche Unternehmen;Rheinland-Pfalz;12;45573285;753589505;46422198;/;77128489
2007;Gemischtwirtschaftliche Unternehmen;Saarland;0;0;0;0;/;0
2007;Gemischtwirtschaftliche Unternehmen;Sachsen;4;18331480;287121225;17529248;/;16700686
2007;Gemischtwirtschaftliche Unternehmen;Sachsen-Anhalt;7;17023923;215096877;17945781;/;20813424
2007;Gemischtwirtschaftliche Unternehmen;Schleswig-Holstein;0;0;0;0;/;0
2007;Gemischtwirtschaftliche Unternehmen;Thüringen;4;14887755;141004408;14312452;/;17381976
2007;Private Unternehmen;Baden-Württemberg;610;166920229;4228407276;184211797;/;198999616
2007;Private Unternehmen;Bayern;1213;231361280;8651715786;358564508;/;345107989
2007;Private Unternehmen;Berlin;88;4099772;538086829;21954139;/;7707584
2007;Private Unternehmen;Brandenburg;151;9063807;778320766;26929490;/;3956091
2007;Private Unternehmen;Bremen;11;178392;43366650;1407690;/;317500
2007;Private Unternehmen;Hamburg;21;1678565;190558870;6858189;/;5582304
2007;Private Unternehmen;Hessen;395;58488036;3482894924;152306858;/;71567425
2007;Private Unternehmen;Mecklenburg-Vorpommern;85;9383740;645871964;25105509;/;13901775
2007;Private Unternehmen;Niedersachsen;386;77033714;4358749369;123539091;/;122968556
2007;Private Unternehmen;Nordrhein-Westfalen;789;91089629;4585379802;184330990;/;103957396
2007;Private Unternehmen;Rheinland-Pfalz;242;65759184;2059035174;84698902;/;75852267
2007;Private Unternehmen;Saarland;57;1803708;334358446;10646882;/;2593221
2007;Private Unternehmen;Sachsen;268;40335549;1468241392;75201498;/;60263362
2007;Private Unternehmen;Sachsen-Anhalt;120;13151039;809931062;34335572;/;18294012
2007;Private Unternehmen;Schleswig-Holstein;127;32207999;1396265420;47388333;/;55114657
2007;Private Unternehmen;Thüringen;137;5650853;1351864671;29385454;/;6249691
2008;Öffentliche Unternehmen;Baden-Württemberg;41;951118542;7081184458;272138570;28679581498;888631676
2008;Öffentliche Unternehmen;Bayern;77;1029934211;5591104917;222267148;29855771812;795070102
2008;Öffentliche Unternehmen;Berlin;3;1220811592;7645315958;155314432;31747754400;1120857145
2008;Öffentliche Unternehmen;Brandenburg;24;116434777;1126997937;79339369;6319503188;151015543
2008;Öffentliche Unternehmen;Bremen;4;149526611;1055768480;56485612;6383755178;143697921
2008;Öffentliche Unternehmen;Hamburg;5;605885608;3761638415;90166946;17015874872;576716015
2008;Öffentliche Unternehmen;Hessen;46;1483937448;29695263265;517179641;139284732845;2255849754
2008;Öffentliche Unternehmen;Mecklenburg-Vorpommern;22;103136205;958156358;59993838;5945831325;115875235
2008;Öffentliche Unternehmen;Niedersachsen;36;421461987;2733143073;161741022;13635077627;360703657
2008;Öffentliche Unternehmen;Nordrhein-Westfalen;53;2204313632;18748265207;554659939;78239473158;1925421223
2008;Öffentliche Unternehmen;Rheinland-Pfalz;15;153012962;1038320377;43840934;4397524333;130297031
2008;Öffentliche Unternehmen;Saarland;6;100148723;851763151;48552697;4070061665;106116313
2008;Öffentliche Unternehmen;Sachsen;21;376210526;2464352463;113067283;12211942135;257116415
2008;Öffentliche Unternehmen;Sachsen-Anhalt;18;151769429;1258318702;66913216;5876197383;111615027
2008;Öffentliche Unternehmen;Schleswig-Holstein;15;191493271;1833562092;91425835;8023237984;179356103
2008;Öffentliche Unternehmen;Thüringen;26;141574884;1219988917;75484198;6887033397;125904660
2008;Gemischtwirtschaftliche Unternehmen;Baden-Württemberg;7;47363799;295428294;12852263;1052339991;33743350
2008;Gemischtwirtschaftliche Unternehmen;Bayern;8;44654227;540963462;32285654;1958892529;59237085
2008;Gemischtwirtschaftliche Unternehmen;Berlin;6;446500;49549700;2367165;130494140;495653
2008;Gemischtwirtschaftliche Unternehmen;Brandenburg;2;9657621;149737924;9334893;631836844;12552255
2008;Gemischtwirtschaftliche Unternehmen;Bremen;1;4657;2760064;60810;3040500;0
2008;Gemischtwirtschaftliche Unternehmen;Hamburg;2;206285;58251490;2108794;112080286;0
2008;Gemischtwirtschaftliche Unternehmen;Hessen;6;5907534;60350927;2818869;262568946;6586049
2008;Gemischtwirtschaftliche Unternehmen;Mecklenburg-Vorpommern;5;4821897;102237613;4798616;725617903;7754917
2008;Gemischtwirtschaftliche Unternehmen;Niedersachsen;14;72892491;1229389680;54146148;4106409431;109978371
2008;Gemischtwirtschaftliche Unternehmen;Nordrhein-Westfalen;14;202212856;1149475092;53081542;4472907503;169098041
2008;Gemischtwirtschaftliche Unternehmen;Rheinland-Pfalz;12;45414594;755517785;47238382;3260517912;78732518
2008;Gemischtwirtschaftliche Unternehmen;Saarland;0;0;0;0;0;0
2008;Gemischtwirtschaftliche Unternehmen;Sachsen;3;15295105;241611291;14593933;1150766775;14081797
2008;Gemischtwirtschaftliche Unternehmen;Sachsen-Anhalt;7;16790721;224698499;17426771;1409157341;21534121
2008;Gemischtwirtschaftliche Unternehmen;Schleswig-Holstein;0;0;0;0;0;0
2008;Gemischtwirtschaftliche Unternehmen;Thüringen;4;14806285;137006967;13956629;817113976;17151132
2008;Private Unternehmen;Baden-Württemberg;611;166661500;4138259250;180162784;9116405718;193919462
2008;Private Unternehmen;Bayern;1205;233707532;8827681391;361539117;21764213440;358080322
2008;Private Unternehmen;Berlin;80;3427023;457658546;19388707;951413969;6273760
2008;Private Unternehmen;Brandenburg;150;8703549;759886560;25608632;1597322848;3638105
2008;Private Unternehmen;Bremen;11;174918;42423116;1375356;63496909;280104
2008;Private Unternehmen;Hamburg;20;1641534;198250876;7024027;375038377;5916082
2008;Private Unternehmen;Hessen;388;57483451;3190589902;140726457;8796304021;69276743
2008;Private Unternehmen;Mecklenburg-Vorpommern;85;9604006;608461065;25592933;1680628172;16261415
2008;Private Unternehmen;Niedersachsen;375;79329942;4313604849;117959588;10911979021;150774326
2008;Private Unternehmen;Nordrhein-Westfalen;747;92491245;4267779868;173719485;8245684086;111145578
2008;Private Unternehmen;Rheinland-Pfalz;237;71576086;1897124579;81470510;5415710453;75396132
2008;Private Unternehmen;Saarland;57;2039671;371027528;11935411;543236499;3130942
2008;Private Unternehmen;Sachsen;271;46619182;1913362463;83570874;7326724868;87845531
2008;Private Unternehmen;Sachsen-Anhalt;119;12994746;821913948;33718519;2385982422;17589420
2008;Private Unternehmen;Schleswig-Holstein;126;32466745;1457184877;48225848;4526364463;56265529
2008;Private Unternehmen;Thüringen;135;4815949;1288187680;26641257;2163122394;5810882
2009;Öffentliche Unternehmen;Baden-Württemberg;35;952280129;7051839766;275217478;28775873386;1032452319
2009;Öffentliche Unternehmen;Bayern;77;1031887677;5728197791;226058567;30175962451;814778716
2009;Öffentliche Unternehmen;Berlin;2;1296387500;7965623400;157196000;31527268000;1107673000
2009;Öffentliche Unternehmen;Brandenburg;24;127451617;1249271060;87298000;6539343866;110523848
2009;Öffentliche Unternehmen;Bremen;3;152193282;1056655636;56347080;5914798371;148094435
2009;Öffentliche Unternehmen;Hamburg;5;589868451;3719564186;90430364;17080297908;576419169
2009;Öffentliche Unternehmen;Hessen;48;1496814470;29747548564;509632910;137363556501;5760848755
2009;Öffentliche Unternehmen;Mecklenburg-Vorpommern;23;102639830;913305716;61164818;5687297997;115821749
2009;Öffentliche Unternehmen;Niedersachsen;37;425614983;2725381908;156893702;13629928575;381274015
2009;Öffentliche Unternehmen;Nordrhein-Westfalen;54;2163115877;18529121209;544956072;78723528689;2582884617
2009;Öffentliche Unternehmen;Rheinland-Pfalz;17;155826293;987602503;56669634;5614613130;145552277
2009;Öffentliche Unternehmen;Saarland;5;97947997;841635509;50588813;4204931848;110875683
2009;Öffentliche Unternehmen;Sachsen;20;378648390;2476838140;114115842;12351249792;276839067
2009;Öffentliche Unternehmen;Sachsen-Anhalt;19;151667168;1260018207;67966668;5890895743;116583865
2009;Öffentliche Unternehmen;Schleswig-Holstein;16;193444856;1948665183;88048142;8484982030;193752983
2009;Öffentliche Unternehmen;Thüringen;27;142366468;1145108984;75179125;6724568493;126532392
2009;Gemischtwirtschaftliche Unternehmen;Baden-Württemberg;9;47761643;293646304;13190346;1067681066;34599972
2009;Gemischtwirtschaftliche Unternehmen;Bayern;4;44230093;519229604;31736297;1926460964;60809421
2009;Gemischtwirtschaftliche Unternehmen;Berlin;3;3119643;119903727;3730935;424599092;3195585
2009;Gemischtwirtschaftliche Unternehmen;Brandenburg;1;3539110;38134974;3728592;263321502;4396525
2009;Gemischtwirtschaftliche Unternehmen;Bremen;1;1183;2359760;45380;2619687;0
2009;Gemischtwirtschaftliche Unternehmen;Hamburg;1;160479;58056511;1859976;82937870;0
2009;Gemischtwirtschaftliche Unternehmen;Hessen;9;27443343;197365460;10810671;904955004;24070159
2009;Gemischtwirtschaftliche Unternehmen;Mecklenburg-Vorpommern;3;6493960;168209992;7259234;1221268759;14086037
2009;Gemischtwirtschaftliche Unternehmen;Niedersachsen;15;80862844;1276628764;52878555;4312658995;114490470
2009;Gemischtwirtschaftliche Unternehmen;Nordrhein-Westfalen;19;261238209;1682275004;69296711;6229967815;189057687
2009;Gemischtwirtschaftliche Unternehmen;Rheinland-Pfalz;11;44811797;756972405;46593663;3275406710;84566500
2009;Gemischtwirtschaftliche Unternehmen;Saarland;0;0;0;0;0;0
2009;Gemischtwirtschaftliche Unternehmen;Sachsen;3;15470148;224135567;14422452;1139044803;14611077
2009;Gemischtwirtschaftliche Unternehmen;Sachsen-Anhalt;7;16425674;208522041;17118418;1351646183;20518417
2009;Gemischtwirtschaftliche Unternehmen;Schleswig-Holstein;0;0;0;0;0;0
2009;Gemischtwirtschaftliche Unternehmen;Thüringen;4;14482572;136069946;13823565;987802767;17560134
2009;Private Unternehmen;Baden-Württemberg;593;164197874;3983273865;181545009;9673172287;194399691
2009;Private Unternehmen;Bayern;1152;239411541;8817385519;371964641;23124592051;409250840
2009;Private Unternehmen;Berlin;65;21642130;495667111;26547553;1380671891;28857165
2009;Private Unternehmen;Brandenburg;105;7958688;557719101;23056290;1536121139;23108857
2009;Private Unternehmen;Bremen;6;110103;23796164;983898;44792642;145600
2009;Private Unternehmen;Hamburg;26;1506094;306027790;10067549;467134620;6376255
2009;Private Unternehmen;Hessen;360;78083097;3077576496;151692324;8478562459;99720010
2009;Private Unternehmen;Mecklenburg-Vorpommern;69;8760040;465495702;20456533;1314763750;11833393
2009;Private Unternehmen;Niedersachsen;310;85578847;3973339021;114069033;10210069565;154042743
2009;Private Unternehmen;Nordrhein-Westfalen;664;80772077;4317557252;173403665;8278229828;105306121
2009;Private Unternehmen;Rheinland-Pfalz;221;72728914;2010339916;89656249;5660017090;88861609
2009;Private Unternehmen;Saarland;46;2231462;376239121;12015730;533578782;4601305
2009;Private Unternehmen;Sachsen;269;43554104;1839910796;77076581;6693131066;78010509
2009;Private Unternehmen;Sachsen-Anhalt;123;13278253;719918850;36270316;2035789815;53196257
2009;Private Unternehmen;Schleswig-Holstein;102;33104807;1433689646;39725750;4175827695;116138559
2009;Private Unternehmen;Thüringen;115;5170176;610413112;24654072;1152195817;5919595
2010;Öffentliche Unternehmen;Baden-Württemberg;32;972178094;6980006216;279730687;30117867109;1060031237
2010;Öffentliche Unternehmen;Bayern;79;1044336577;5658929629;228075050;30220253663;847105782
2010;Öffentliche Unternehmen;Berlin;2;1298450000;7708610000;156043214;31780623173;1138198170
2010;Öffentliche Unternehmen;Brandenburg;24;125458286;1220824931;86701642;6645751674;111671365
2010;Öffentliche Unternehmen;Bremen;3;154420409;1078056261;59652533;5978584886;154124638
2010;Öffentliche Unternehmen;Hamburg;6;623465805;4060807261;94187077;17841283926;602081626
2010;Öffentliche Unternehmen;Hessen;49;1544948187;30548851432;517460758;138060285755;5754735333
2010;Öffentliche Unternehmen;Mecklenburg-Vorpommern;21;100552103;878641055;57807459;5286781149;115214044
2010;Öffentliche Unternehmen;Niedersachsen;37;437900464;2757622226;159372002;13748671909;394568870
2010;Öffentliche Unternehmen;Nordrhein-Westfalen;55;2148558065;18072114082;538447133;78894706218;2587251539
2010;Öffentliche Unternehmen;Rheinland-Pfalz;16;126609352;809099255;51899474;5126769818;117711779
2010;Öffentliche Unternehmen;Saarland;5;96584578;832262351;50065565;4211561922;111034686
2010;Öffentliche Unternehmen;Sachsen;20;394998656;2608623083;120718772;12785311581;295077991
2010;Öffentliche Unternehmen;Sachsen-Anhalt;18;149297752;1241183667;66844080;6006417010;112055850
2010;Öffentliche Unternehmen;Schleswig-Holstein;13;188890736;1763312775;89783783;7870830742;191193283
2010;Öffentliche Unternehmen;Thüringen;26;145636180;1157974586;74181687;6645417163;135624871
2010;Gemischtwirtschaftliche Unternehmen;Baden-Württemberg;10;48495092;295846687;13188254;1061046585;35090399
2010;Gemischtwirtschaftliche Unternehmen;Bayern;5;44124891;524027039;30995548;1933081521;61807913
2010;Gemischtwirtschaftliche Unternehmen;Berlin;3;3305909;121808889;3915293;404830234;2280206
2010;Gemischtwirtschaftliche Unternehmen;Brandenburg;1;3238877;35522106;4251600;272799738;4884812
2010;Gemischtwirtschaftliche Unternehmen;Bremen;1;1183;2359760;45380;2619687;0
2010;Gemischtwirtschaftliche Unternehmen;Hamburg;0;0;0;0;0;0
2010;Gemischtwirtschaftliche Unternehmen;Hessen;6;10781960;124761404;6396276;588756300;13055516
2010;Gemischtwirtschaftliche Unternehmen;Mecklenburg-Vorpommern;3;6295026;159490538;7301004;1167855884;13728536
2010;Gemischtwirtschaftliche Unternehmen;Niedersachsen;15;84114942;1361447443;58189024;5528886194;118797296
2010;Gemischtwirtschaftliche Unternehmen;Nordrhein-Westfalen;17;255854968;1662132545;68294715;5922043753;193802661
2010;Gemischtwirtschaftliche Unternehmen;Rheinland-Pfalz;12;43941724;755662034;47997216;3366433398;84800541
2010;Gemischtwirtschaftliche Unternehmen;Saarland;0;0;0;0;0;0
2010;Gemischtwirtschaftliche Unternehmen;Sachsen;2;10247814;165220181;9739125;671358110;11085163
2010;Gemischtwirtschaftliche Unternehmen;Sachsen-Anhalt;8;17223556;220442543;17431517;1375166010;21323677
2010;Gemischtwirtschaftliche Unternehmen;Schleswig-Holstein;1;962287;14352747;693251;53595430;569792
2010;Gemischtwirtschaftliche Unternehmen;Thüringen;4;15226434;141508221;14148916;1074606854;18303388
2010;Private Unternehmen;Baden-Württemberg;604;162723439;3884256230;176974565;9516582034;198041802
2010;Private Unternehmen;Bayern;1140;233098643;8883533483;371650156;23415229912;422121287
2010;Private Unternehmen;Berlin;64;24458652;630157907;30283032;2168197508;47614792
2010;Private Unternehmen;Brandenburg;105;8090482;525900357;22483970;1465824864;30433025
2010;Private Unternehmen;Bremen;8;157322;29760632;1222405;48978796;926974
2010;Private Unternehmen;Hamburg;36;2224791;282835882;10397691;467184465;6283482
2010;Private Unternehmen;Hessen;360;77909637;2792207526;144721874;8189329542;96651541
2010;Private Unternehmen;Mecklenburg-Vorpommern;80;11708968;778237509;30252465;1909793874;15262499
2010;Private Unternehmen;Niedersachsen;317;83718064;3922757594;112384458;10730336992;162145468
2010;Private Unternehmen;Nordrhein-Westfalen;684;81482839;4335425828;170507514;8383221436;103037288
2010;Private Unternehmen;Rheinland-Pfalz;226;71223566;1960361426;88004004;5549672443;87977767
2010;Private Unternehmen;Saarland;46;2036868;356810638;11126417;520539355;4110197
2010;Private Unternehmen;Sachsen;277;49567026;1859941468;79708686;6714771804;93401664
2010;Private Unternehmen;Sachsen-Anhalt;132;12531342;691957865;32267264;1929347038;53914900
2010;Private Unternehmen;Schleswig-Holstein;121;35469421;1335599636;35732795;4126470101;76319960
2010;Private Unternehmen;Thüringen;116;5003434;636343246;24868857;1267439133;4674642
2011;Öffentliche Unternehmen;Baden-Württemberg;32;980270613;7281105679;282854639;31788526831;1118398477
2011;Öffentliche Unternehmen;Bayern;79;1055226260;5682124518;231282490;31001645568;882572211
2011;Öffentliche Unternehmen;Berlin;2;1319241000;7751727119;158325194;32739847243;1192272629
2011;Öffentliche Unternehmen;Brandenburg;24;124433953;1240472282;87214998;6870826123;111451124
2011;Öffentliche Unternehmen;Bremen;3;152041323;1086804549;60094176;6056417235;159339119
2011;Öffentliche Unternehmen;Hamburg;5;633580135;4050862574;91977738;17668824277;630256136
2011;Öffentliche Unternehmen;Hessen;49;1568519691;31284180619;502189579;134701110650;5776800206
2011;Öffentliche Unternehmen;Mecklenburg-Vorpommern;23;101513408;923553181;61553467;5663016340;119648734
2011;Öffentliche Unternehmen;Niedersachsen;39;458434387;3163169471;183455085;16354088362;433902704
2011;Öffentliche Unternehmen;Nordrhein-Westfalen;55;2151893803;18403591335;528150165;78017784123;2631488942
2011;Öffentliche Unternehmen;Rheinland-Pfalz;15;122567675;811259776;51764209;4078372942;118796292
2011;Öffentliche Unternehmen;Saarland;5;96284038;814981404;49250895;4199050865;115589809
2011;Öffentliche Unternehmen;Sachsen;22;399934488;2629556032;120818687;12913593752;311290430
2011;Öffentliche Unternehmen;Sachsen-Anhalt;17;141492985;1226887419;66870948;5783266469;121516736
2011;Öffentliche Unternehmen;Schleswig-Holstein;14;192241222;1736211250;91697525;7831860252;195230496
2011;Öffentliche Unternehmen;Thüringen;26;144409748;1155856714;73440127;6419093574;133287461
2011;Gemischtwirtschaftliche Unternehmen;Baden-Württemberg;9;47450814;294246937;13007814;1065037863;35552224
2011;Gemischtwirtschaftliche Unternehmen;Bayern;5;44826646;530744547;30500868;1908273272;62625391
2011;Gemischtwirtschaftliche Unternehmen;Berlin;3;3202666;120101040;3715637;394177537;2220327
2011;Gemischtwirtschaftliche Unternehmen;Brandenburg;1;3250091;35962292;4128804;274145277;3106534
2011;Gemischtwirtschaftliche Unternehmen;Bremen;1;1183;2359760;45380;2619687;0
2011;Gemischtwirtschaftliche Unternehmen;Hamburg;1;201409;51479519;1577321;69402124;0
2011;Gemischtwirtschaftliche Unternehmen;Hessen;6;10280939;117295335;6579191;613037972;13714275
2011;Gemischtwirtschaftliche Unternehmen;Mecklenburg-Vorpommern;3;6431278;159406967;6682962;1263241858;12100260
2011;Gemischtwirtschaftliche Unternehmen;Niedersachsen;14;71529091;1389549138;39435458;4540892230;83603663
2011;Gemischtwirtschaftliche Unternehmen;Nordrhein-Westfalen;16;257228405;1679533755;68384821;6131602099;196958724
2011;Gemischtwirtschaftliche Unternehmen;Rheinland-Pfalz;11;42573083;699554137;41629844;3195679164;66319071
2011;Gemischtwirtschaftliche Unternehmen;Saarland;0;0;0;0;0;0
2011;Gemischtwirtschaftliche Unternehmen;Sachsen;3;12816542;199312876;11364516;816108323;15127654
2011;Gemischtwirtschaftliche Unternehmen;Sachsen-Anhalt;8;16821299;209634376;16942438;1424963166;21187547
2011;Gemischtwirtschaftliche Unternehmen;Schleswig-Holstein;1;2560399;31386186;1743677;183086085;3786000
2011;Gemischtwirtschaftliche Unternehmen;Thüringen;4;16009503;143551573;14432660;1078562964;19075858
2011;Private Unternehmen;Baden-Württemberg;598;161555966;3805945712;173918363;9806619814;203507460
2011;Private Unternehmen;Bayern;1131;232503092;8777493532;366588595;23053040401;438301234
2011;Private Unternehmen;Berlin;63;24357573;1123536758;30101317;4346803569;47200129
2011;Private Unternehmen;Brandenburg;107;5589997;541474327;22247836;1474393764;17401200
2011;Private Unternehmen;Bremen;8;138573;29633069;1235359;52796450;717603
2011;Private Unternehmen;Hamburg;33;1299097;189544583;6694451;324035558;8018945
2011;Private Unternehmen;Hessen;347;93885351;3009201910;149698507;8927987583;105810597
2011;Private Unternehmen;Mecklenburg-Vorpommern;78;9138196;807819127;28037564;1725994431;11951553
2011;Private Unternehmen;Niedersachsen;310;84917602;3912059310;107107244;10345720140;159046200
2011;Private Unternehmen;Nordrhein-Westfalen;586;79403089;3967375474;161260010;7934387557;100458631
2011;Private Unternehmen;Rheinland-Pfalz;217;60345210;2141255222;77777365;6014963219;90078067
2011;Private Unternehmen;Saarland;43;2210203;352782636;11034547;530480889;3808842
2011;Private Unternehmen;Sachsen;271;41300535;1794942819;73467288;6409097228;85591933
2011;Private Unternehmen;Sachsen-Anhalt;128;9455998;615343209;27518517;1784210716;53946587
2011;Private Unternehmen;Schleswig-Holstein;119;34943009;1214712868;37633390;3175380968;72942618
2011;Private Unternehmen;Thüringen;114;3329963;655345952;23096499;1042324923;3006740
2012;Öffentliche Unternehmen;Baden-Württemberg;32;975073863;7096568930;274711235;32268240638;1168168338
2012;Öffentliche Unternehmen;Bayern;79;1069091415;5739948124;227884954;30266694596;913505430
2012;Öffentliche Unternehmen;Berlin;2;1331949896;8240200430;159919659;33631965000;1245699563
2012;Öffentliche Unternehmen;Brandenburg;24;127553167;1238107461;86319953;6691956510;109082599
2012;Öffentliche Unternehmen;Bremen;3;152634886;1047751574;58749537;5853743314;163276435
2012;Öffentliche Unternehmen;Hamburg;5;702186905;4170593260;106136170;18783289149;686920034
2012;Öffentliche Unternehmen;Hessen;49;1596372195;31705092094;506978164;136180797851;5881208617
2012;Öffentliche Unternehmen;Mecklenburg-Vorpommern;21;97852642;888628875;57364894;5231058964;117123709
2012;Öffentliche Unternehmen;Niedersachsen;39;464030979;3143704669;184898661;16297387593;435514168
2012;Öffentliche Unternehmen;Nordrhein-Westfalen;52;2167290807;18794727359;518704641;76267997273;2702776426
2012;Öffentliche Unternehmen;Rheinland-Pfalz;14;119516104;770951323;51581051;4250907389;126153501
2012;Öffentliche Unternehmen;Saarland;5;93335189;801742683;46240782;3973614442;113283578
2012;Öffentliche Unternehmen;Sachsen;22;403151069;2666402234;121034189;12957999092;321426173
2012;Öffentliche Unternehmen;Sachsen-Anhalt;16;141425474;1238203599;69416674;5846161099;122932089
2012;Öffentliche Unternehmen;Schleswig-Holstein;12;126127912;1516842655;76543806;6820242890;162847516
2012;Öffentliche Unternehmen;Thüringen;26;143441261;1097562767;76774772;7230568432;147467547
2012;Gemischtwirtschaftliche Unternehmen;Baden-Württemberg;9;47014548;295498154;12893642;1067788850;36773385
2012;Gemischtwirtschaftliche Unternehmen;Bayern;5;44357650;523229265;31050606;1883586901;67038369
2012;Gemischtwirtschaftliche Unternehmen;Berlin;3;3949060;119048861;3811320;399662072;2285617
2012;Gemischtwirtschaftliche Unternehmen;Brandenburg;1;3307965;37890772;3944500;272737376;2992300
2012;Gemischtwirtschaftliche Unternehmen;Bremen;1;1183;2359760;45380;2619687;0
2012;Gemischtwirtschaftliche Unternehmen;Hamburg;1;204144;49621166;1529179;67283876;0
2012;Gemischtwirtschaftliche Unternehmen;Hessen;5;7737263;89549502;4585714;409320154;9408255
2012;Gemischtwirtschaftliche Unternehmen;Mecklenburg-Vorpommern;3;7612251;191303413;8579167;1968014365;16206988
2012;Gemischtwirtschaftliche Unternehmen;Niedersachsen;14;79040951;1537664009;41873228;5080721551;84153468
2012;Gemischtwirtschaftliche Unternehmen;Nordrhein-Westfalen;16;253071191;1644757808;67763057;6021485320;188698678
2012;Gemischtwirtschaftliche Unternehmen;Rheinland-Pfalz;11;41440014;447521406;35940199;2627612036;66361999
2012;Gemischtwirtschaftliche Unternehmen;Saarland;0;0;0;0;0;0
2012;Gemischtwirtschaftliche Unternehmen;Sachsen;2;10462355;160694131;8949257;629158154;11310584
2012;Gemischtwirtschaftliche Unternehmen;Sachsen-Anhalt;8;17187609;219434236;17550584;1454785665;21220385
2012;Gemischtwirtschaftliche Unternehmen;Schleswig-Holstein;0;0;0;0;0;0
2012;Gemischtwirtschaftliche Unternehmen;Thüringen;4;16474351;150944485;14660212;1105478952;19445183
2012;Private Unternehmen;Baden-Württemberg;590;160826621;3645836584;168235132;9640781651;210481434
2012;Private Unternehmen;Bayern;1122;230137145;8709822838;365208064;23021361281;452518645
2012;Private Unternehmen;Berlin;61;21753418;1094026101;27799515;4438944753;42142721
2012;Private Unternehmen;Brandenburg;109;3139801;499636859;17715511;913074273;5211717
2012;Private Unternehmen;Bremen;9;146468;30416877;1306002;54724556;716417
2012;Private Unternehmen;Hamburg;32;1473570;217648566;7269013;352223775;9842553
2012;Private Unternehmen;Hessen;340;76725173;2793692856;139063979;7791385206;101876193
2012;Private Unternehmen;Mecklenburg-Vorpommern;76;11007167;724320032;28579964;1608630041;15254050
2012;Private Unternehmen;Niedersachsen;311;83754027;4046942691;104869325;11136160965;164250984
2012;Private Unternehmen;Nordrhein-Westfalen;574;76035808;3631923712;148518484;7336887640;111903630
2012;Private Unternehmen;Rheinland-Pfalz;210;59011740;2034841124;72875103;5467802384;95547023
2012;Private Unternehmen;Saarland;42;2299779;309508403;10761273;502412472;3724709
2012;Private Unternehmen;Sachsen;265;43996749;1793282082;74329128;6145335577;93533936
2012;Private Unternehmen;Sachsen-Anhalt;124;9711191;663073248;28153525;1878802691;44689742
2012;Private Unternehmen;Schleswig-Holstein;124;34837591;1107345970;35680555;3879479550;71192773
2012;Private Unternehmen;Thüringen;109;2978575;538191723;21094301;942387502;3477421
2013;Öffentliche Unternehmen;Baden-Württemberg;32;989209447;7100217389;269348486;32470366346;1212866476
2013;Öffentliche Unternehmen;Bayern;77;1066021776;5655879876;228596687;30430992813;941289856
2013;Öffentliche Unternehmen;Berlin;2;1349704081;8298551219;160135005;33681053709;1353820290
2013;Öffentliche Unternehmen;Brandenburg;24;128326628;1255221536;84534849;6454908710;113788978
2013;Öffentliche Unternehmen;Bremen;3;152339546;1058251627;58836599;5867144247;168646951
2013;Öffentliche Unternehmen;Hamburg;6;705833117;4331646817;105489224;18741553583;719742857
2013;Öffentliche Unternehmen;Hessen;48;1909034228;39391301868;564465261;154271612223;6759745342
2013;Öffentliche Unternehmen;Mecklenburg-Vorpommern;16;97523417;863983774;57529592;4640260765;135690544
2013;Öffentliche Unternehmen;Niedersachsen;39;488453975;3496358729;193064183;16340017930;461605381
2013;Öffentliche Unternehmen;Nordrhein-Westfalen;51;1881502899;11072322525;448166632;50036248555;1733697118
2013;Öffentliche Unternehmen;Rheinland-Pfalz;14;125087847;787997533;45765560;4494826366;119807302
2013;Öffentliche Unternehmen;Saarland;5;94009507;754753193;43318230;3653277773;106890913
2013;Öffentliche Unternehmen;Sachsen;21;409144452;2688004086;122419551;13236976081;344415964
2013;Öffentliche Unternehmen;Sachsen-Anhalt;16;141690216;1230910610;70647720;5936183154;129812425
2013;Öffentliche Unternehmen;Schleswig-Holstein;9;120425969;1494173072;71581783;6266256688;150723383
2013;Öffentliche Unternehmen;Thüringen;23;146124454;1213341445;79076063;7749095724;153035211
2013;Gemischtwirtschaftliche Unternehmen;Baden-Württemberg;9;43690623;284373496;12562419;906955215;38860051
2013;Gemischtwirtschaftliche Unternehmen;Bayern;5;44064483;519614611;30214511;1872769990;66139744
2013;Gemischtwirtschaftliche Unternehmen;Berlin;3;3924086;130125902;3792335;663996736;2597672
2013;Gemischtwirtschaftliche Unternehmen;Brandenburg;1;3431187;36287896;4411366;281814422;2959346
2013;Gemischtwirtschaftliche Unternehmen;Bremen;1;1183;2359760;45380;2619687;0
2013;Gemischtwirtschaftliche Unternehmen;Hamburg;1;201558;49248365;1538429;67690876;0
2013;Gemischtwirtschaftliche Unternehmen;Hessen;5;7781718;89734145;4547320;408902833;8996823
2013;Gemischtwirtschaftliche Unternehmen;Mecklenburg-Vorpommern;3;20165453;860745137;13417976;7406638087;23985360
2013;Gemischtwirtschaftliche Unternehmen;Niedersachsen;13;78408461;1496753222;42546020;5115525497;83106549
2013;Gemischtwirtschaftliche Unternehmen;Nordrhein-Westfalen;15;250207151;1643589417;66376421;5872636059;197931668
2013;Gemischtwirtschaftliche Unternehmen;Rheinland-Pfalz;11;40110404;432494761;33269731;2739118694;66407540
2013;Gemischtwirtschaftliche Unternehmen;Saarland;0;0;0;0;0;0
2013;Gemischtwirtschaftliche Unternehmen;Sachsen;3;13738671;191429138;11862780;825723939;15838422
2013;Gemischtwirtschaftliche Unternehmen;Sachsen-Anhalt;7;14473714;171580124;14990095;1177363688;19299055
2013;Gemischtwirtschaftliche Unternehmen;Schleswig-Holstein;3;10105325;130866602;6167951;499793028;12015877
2013;Gemischtwirtschaftliche Unternehmen;Thüringen;4;16709377;151030543;14347688;1090672688;21258544
2013;Private Unternehmen;Baden-Württemberg;577;156074427;3545146707;167719972;9980275240;210162680
2013;Private Unternehmen;Bayern;1118;232137529;8686975754;370700435;23393770472;464460660
2013;Private Unternehmen;Berlin;63;24504694;2003221648;51025276;5538912160;47419478
2013;Private Unternehmen;Brandenburg;106;2676116;475762225;16908780;815183831;2460171
2013;Private Unternehmen;Bremen;9;167485;43806464;1590893;70486423;699269
2013;Private Unternehmen;Hamburg;22;1339982;175470717;5733334;270908729;9149750
2013;Private Unternehmen;Hessen;332;79894276;3151730744;148487321;8418920248;101735317
2013;Private Unternehmen;Mecklenburg-Vorpommern;76;9876436;785436140;28361340;1581639184;15250712
2013;Private Unternehmen;Niedersachsen;314;84492248;3928912575;103181122;9399321823;169712682
2013;Private Unternehmen;Nordrhein-Westfalen;567;74631307;3901475871;186732018;8519298912;106251487
2013;Private Unternehmen;Rheinland-Pfalz;224;67658008;2055679811;71618531;5735791910;109353600
2013;Private Unternehmen;Saarland;43;1845475;276126427;10261354;474639318;1974348
2013;Private Unternehmen;Sachsen;257;40470606;1783495271;72088494;5796859377;94101939
2013;Private Unternehmen;Sachsen-Anhalt;120;9681208;598182670;25759839;1765826510;43721237
2013;Private Unternehmen;Schleswig-Holstein;123;33460933;1100105035;32749563;3814500339;70570065
2013;Private Unternehmen;Thüringen;108;3073572;539063962;20460963;927546379;3635355
2014;Öffentliche Unternehmen;Baden-Württemberg;35;1007277193;7188471086;274546513;34072309621;1170633280
2014;Öffentliche Unternehmen;Bayern;76;1075811757;5715951789;230210606;31594111680;946880713
2014;Öffentliche Unternehmen;Berlin;2;1391681471;8521965951;160356904;33713047038;1410315630
2014;Öffentliche Unternehmen;Brandenburg;24;131352393;1270354518;84225172;6495947224;114644529
2014;Öffentliche Unternehmen;Bremen;3;151760189;1057303047;58714722;5996139870;173667557
2014;Öffentliche Unternehmen;Hamburg;5;702075921;4316862807;106829746;19082210567;744494233
2014;Öffentliche Unternehmen;Hessen;46;1938512502;39411071038;568420479;155254511356;6738996455
2014;Öffentliche Unternehmen;Mecklenburg-Vorpommern;14;99379568;840231911;55401212;4529929271;136982529
2014;Öffentliche Unternehmen;Niedersachsen;61;465427785;3300512295;192237556;16596521983;482674558
2014;Öffentliche Unternehmen;Nordrhein-Westfalen;51;1870483851;11025026891;452246229;50067566766;1770960296
2014;Öffentliche Unternehmen;Rheinland-Pfalz;13;121218675;754207255;40404503;4207185177;123087499
2014;Öffentliche Unternehmen;Saarland;5;89674288;716485224;42872227;3635317715;108909655
2014;Öffentliche Unternehmen;Sachsen;22;382041946;2215500435;122810905;13257873586;350795696
2014;Öffentliche Unternehmen;Sachsen-Anhalt;17;141390194;1267870929;74188224;6044092031;136354447
2014;Öffentliche Unternehmen;Schleswig-Holstein;10;122326331;1423128402;72438282;7343135807;149815717
2014;Öffentliche Unternehmen;Thüringen;23;142084423;1069084004;74131199;7693191659;151369541
2014;Gemischtwirtschaftliche Unternehmen;Baden-Württemberg;9;45875790;299568220;11709715;1086608106;37512682
2014;Gemischtwirtschaftliche Unternehmen;Bayern;9;56091614;842750106;43568654;5241739335;109762424
2014;Gemischtwirtschaftliche Unternehmen;Berlin;2;3982279;127447124;3688867;664776162;3200719
2014;Gemischtwirtschaftliche Unternehmen;Brandenburg;1;3386025;36377597;4422637;261681913;2927993
2014;Gemischtwirtschaftliche Unternehmen;Bremen;1;2279;1323500;62232;3111600;0
2014;Gemischtwirtschaftliche Unternehmen;Hamburg;1;205711;46926800;1414523;67319886;0
2014;Gemischtwirtschaftliche Unternehmen;Hessen;4;7607001;89690262;4535719;406793269;9031887
2014;Gemischtwirtschaftliche Unternehmen;Mecklenburg-Vorpommern;3;19437783;777787017;13301553;3111398830;36058607
2014;Gemischtwirtschaftliche Unternehmen;Niedersachsen;13;79377260;1496067785;42023298;4529463423;81758998
2014;Gemischtwirtschaftliche Unternehmen;Nordrhein-Westfalen;16;244954445;1638947190;63292089;5684552457;195559214
2014;Gemischtwirtschaftliche Unternehmen;Rheinland-Pfalz;10;36921979;399827020;32068356;2684452313;70361782
2014;Gemischtwirtschaftliche Unternehmen;Saarland;0;0;0;0;0;0
2014;Gemischtwirtschaftliche Unternehmen;Sachsen;2;13790237;187130520;11798301;941982977;16137297
2014;Gemischtwirtschaftliche Unternehmen;Sachsen-Anhalt;4;6381723;76569197;7064247;629475667;9523118
2014;Gemischtwirtschaftliche Unternehmen;Schleswig-Holstein;3;7216246;83866481;5703013;400930275;12518651
2014;Gemischtwirtschaftliche Unternehmen;Thüringen;4;15814273;142887261;13720395;1025767446;20732581
2014;Private Unternehmen;Baden-Württemberg;549;163521085;3927114913;184658407;11219474159;215954335
2014;Private Unternehmen;Bayern;1090;251770294;9940487787;401697550;29223902427;548100772
2014;Private Unternehmen;Berlin;42;26341682;3176701682;105371688;8384219127;47493941
2014;Private Unternehmen;Brandenburg;66;2504936;322098517;11819106;590114189;2385433
2014;Private Unternehmen;Bremen;7;110525;22822970;747757;33788301;291592
2014;Private Unternehmen;Hamburg;20;1598505;152270233;6539662;289834070;7112072
2014;Private Unternehmen;Hessen;307;123327835;4506127932;155824644;10108068082;170086882
2014;Private Unternehmen;Mecklenburg-Vorpommern;74;8596875;589307808;21410893;1132141733;11518267
2014;Private Unternehmen;Niedersachsen;262;84226577;3852088011;106627786;9697167398;164217360
2014;Private Unternehmen;Nordrhein-Westfalen;611;100899432;4647429716;198781407;10540598531;141751604
2014;Private Unternehmen;Rheinland-Pfalz;180;80598660;1808656168;86214865;6158518731;127953513
2014;Private Unternehmen;Saarland;36;1633130;313001026;11623017;517810726;3085079
2014;Private Unternehmen;Sachsen;228;40473860;1820269600;71794873;6048920593;91467767
2014;Private Unternehmen;Sachsen-Anhalt;101;16125749;694104933;30908582;2092109487;47752011
2014;Private Unternehmen;Schleswig-Holstein;83;27776269;1110448898;36528965;3956172018;65188747
2014;Private Unternehmen;Thüringen;102;3440007;438413823;18602180;770210027;3969947
2015;Öffentliche Unternehmen;Baden-Württemberg;34;991579501;6943191021;275482666;33069171041;1243981470
2015;Öffentliche Unternehmen;Bayern;72;1063681067;5649278556;222414422;31087420443;970069850
2015;Öffentliche Unternehmen;Berlin;2;1427095892;8692632054;160929264;34512844610;1472988412
2015;Öffentliche Unternehmen;Brandenburg;23;127028835;1214254406;82939394;6391953342;127568265
2015;Öffentliche Unternehmen;Bremen;3;152406521;1057787728;58741752;6015837353;178124327
2015;Öffentliche Unternehmen;Hamburg;5;697067815;4302285108;106179189;19134113890;701848306
2015;Öffentliche Unternehmen;Hessen;45;1917488836;38558228962;556037929;155604846943;6593814024
2015;Öffentliche Unternehmen;Mecklenburg-Vorpommern;14;102116048;897101127;57144868;4634208905;145185199
2015;Öffentliche Unternehmen;Niedersachsen;99;456167288;3342336974;196876821;16874829076;447409963
2015;Öffentliche Unternehmen;Nordrhein-Westfalen;49;1873559925;11143381518;453592278;50513642446;1828239716
2015;Öffentliche Unternehmen;Rheinland-Pfalz;11;118996241;745236932;40076798;4118930206;128195207
2015;Öffentliche Unternehmen;Saarland;5;81555408;637869121;38587823;3236838035;103363822
2015;Öffentliche Unternehmen;Sachsen;20;386007131;2190488117;122811836;13270139998;364553791
2015;Öffentliche Unternehmen;Sachsen-Anhalt;17;142778639;1247387199;75330027;6121006610;141105188
2015;Öffentliche Unternehmen;Schleswig-Holstein;10;134530004;1717471954;74310986;7612818386;166862083
2015;Öffentliche Unternehmen;Thüringen;23;139868205;1068015882;76386006;7932184856;156912944
2015;Gemischtwirtschaftliche Unternehmen;Baden-Württemberg;9;47651469;285608807;12329759;969401311;40390339
2015;Gemischtwirtschaftliche Unternehmen;Bayern;8;54482488;809415368;41182584;5053390453;109369246
2015;Gemischtwirtschaftliche Unternehmen;Berlin;2;5777339;165023239;6587623;751755809;4840824
2015;Gemischtwirtschaftliche Unternehmen;Brandenburg;1;3655816;36447625;4423768;260528651;2952048
2015;Gemischtwirtschaftliche Unternehmen;Bremen;1;2279;1323500;62232;3111600;0
2015;Gemischtwirtschaftliche Unternehmen;Hamburg;1;241270;46195813;1418137;70514909;0
2015;Gemischtwirtschaftliche Unternehmen;Hessen;4;7502376;104152352;5161711;458304745;8982209
2015;Gemischtwirtschaftliche Unternehmen;Mecklenburg-Vorpommern;3;18270530;761812526;10357942;6820720006;29893704
2015;Gemischtwirtschaftliche Unternehmen;Niedersachsen;13;78539745;1501020987;43857014;4585019170;79710654
2015;Gemischtwirtschaftliche Unternehmen;Nordrhein-Westfalen;17;245029682;1641172318;63773717;6070238181;201959828
2015;Gemischtwirtschaftliche Unternehmen;Rheinland-Pfalz;9;37517207;390560142;35741358;2654258959;78160803
2015;Gemischtwirtschaftliche Unternehmen;Saarland;0;0;0;0;0;0
2015;Gemischtwirtschaftliche Unternehmen;Sachsen;7;14093326;208569150;12136249;971752203;17203348
2015;Gemischtwirtschaftliche Unternehmen;Sachsen-Anhalt;2;5819279;64214102;6168516;560272386;7768980
2015;Gemischtwirtschaftliche Unternehmen;Schleswig-Holstein;3;7220423;81877259;5654400;397067450;12696589
2015;Gemischtwirtschaftliche Unternehmen;Thüringen;4;16302468;148908180;14055720;1035745154;21986716
2015;Private Unternehmen;Baden-Württemberg;539;170870551;3740426422;184075975;10908532722;226028981
2015;Private Unternehmen;Bayern;1080;251075863;10393089729;416789911;29955166840;554356492
2015;Private Unternehmen;Berlin;47;17441991;4724133351;126400728;7033332143;2584878
2015;Private Unternehmen;Brandenburg;75;2283078;352287008;12110547;598271566;2271135
2015;Private Unternehmen;Bremen;7;95501;19378150;793798;35807585;93592
2015;Private Unternehmen;Hamburg;28;1928194;175300806;8305072;360784655;7778264
2015;Private Unternehmen;Hessen;326;118683750;4232622950;150004052;9414809093;180416980
2015;Private Unternehmen;Mecklenburg-Vorpommern;65;8107969;475686251;19527221;1031699540;11837445
2015;Private Unternehmen;Niedersachsen;306;93231269;3941583335;117799995;10560795916;180479858
2015;Private Unternehmen;Nordrhein-Westfalen;665;126453520;5339292589;227938760;13946891247;219556032
2015;Private Unternehmen;Rheinland-Pfalz;212;96927242;2888555808;110326418;8652463703;139388882
2015;Private Unternehmen;Saarland;38;1782389;355123586;13462431;593259882;4128423
2015;Private Unternehmen;Sachsen;257;40708608;2071515528;75971591;6160974172;86075099
2015;Private Unternehmen;Sachsen-Anhalt;107;16988980;710767583;32743212;2280430192;55671554
2015;Private Unternehmen;Schleswig-Holstein;80;27449384;1102465669;36785696;4031257516;65639458
2015;Private Unternehmen;Thüringen;124;3304963;444029763;19514052;809835525;4004218
2016;Öffentliche Unternehmen;Baden-Württemberg;32;999159848;7087870267;275533567;33609493546;1254170815
2016;Öffentliche Unternehmen;Bayern;72;1084831090;5712444599;222631398;31367257463;1028210696
2016;Öffentliche Unternehmen;Berlin;2;1476060947;8988793103;164345374;34518659636;1562875528
2016;Öffentliche Unternehmen;Brandenburg;22;130358145;1276642357;80323043;6301580584;123401857
2016;Öffentliche Unternehmen;Bremen;3;154939276;1043860889;57629738;5901006675;180365162
2016;Öffentliche Unternehmen;Hamburg;5;713341173;4440916111;105729179;19327903516;749088148
2016;Öffentliche Unternehmen;Hessen;45;1918743228;36742737845;534938920;149708482772;6537218551
2016;Öffentliche Unternehmen;Mecklenburg-Vorpommern;13;106577141;950715911;62857548;5485851030;142112191
2016;Öffentliche Unternehmen;Niedersachsen;76;462447656;3196103185;190733407;18088937844;471755496
2016;Öffentliche Unternehmen;Nordrhein-Westfalen;48;1910572043;11832084351;458374432;53337549515;1885398924
2016;Öffentliche Unternehmen;Rheinland-Pfalz;10;115969524;739721635;38589209;3939249482;124211789
2016;Öffentliche Unternehmen;Saarland;5;62818367;417854092;29557794;2042273841;75970417
2016;Öffentliche Unternehmen;Sachsen;19;401055926;2225679218;124967756;13481973269;382830854
2016;Öffentliche Unternehmen;Sachsen-Anhalt;17;143570765;1236670984;74059281;6033925534;143932575
2016;Öffentliche Unternehmen;Schleswig-Holstein;10;128118837;1527585069;75050690;7814006806;170348340
2016;Öffentliche Unternehmen;Thüringen;23;146486579;1049518789;76041928;7715515796;169154853
2016;Gemischtwirtschaftliche Unternehmen;Baden-Württemberg;9;48050267;288171561;13408582;940250862;41201176
2016;Gemischtwirtschaftliche Unternehmen;Bayern;8;54101804;801268142;42161078;5140212447;110092819
2016;Gemischtwirtschaftliche Unternehmen;Berlin;2;7010121;205782457;7808025;1188549702;6155561
2016;Gemischtwirtschaftliche Unternehmen;Brandenburg;1;3433135;38044388;4436060;263446100;2881201
2016;Gemischtwirtschaftliche Unternehmen;Bremen;1;2279;1323500;62232;3111600;0
2016;Gemischtwirtschaftliche Unternehmen;Hamburg;1;214783;34128987;1776884;76902086;0
2016;Gemischtwirtschaftliche Unternehmen;Hessen;4;7591706;108466493;5125655;472892958;9126849
2016;Gemischtwirtschaftliche Unternehmen;Mecklenburg-Vorpommern;3;18888003;770335869;10752486;6892501761;32030807
2016;Gemischtwirtschaftliche Unternehmen;Niedersachsen;13;77235675;1451217205;43440316;4590266088;81922921
2016;Gemischtwirtschaftliche Unternehmen;Nordrhein-Westfalen;17;252428262;1769303609;63160448;6113188499;208803941
2016;Gemischtwirtschaftliche Unternehmen;Rheinland-Pfalz;7;33876296;337941413;35895262;2342178515;72080661
2016;Gemischtwirtschaftliche Unternehmen;Saarland;0;0;0;0;0;0
2016;Gemischtwirtschaftliche Unternehmen;Sachsen;6;14551629;231300414;12384812;990080076;17278500
2016;Gemischtwirtschaftliche Unternehmen;Sachsen-Anhalt;2;5554319;61713748;5754964;512261560;8299847
2016;Gemischtwirtschaftliche Unternehmen;Schleswig-Holstein;3;7376797;80766892;4614173;336730065;13038418
2016;Gemischtwirtschaftliche Unternehmen;Thüringen;4;16586256;149940796;14288709;1036159250;22834676
2016;Private Unternehmen;Baden-Württemberg;536;179770340;3664018424;180299149;11011998520;227352780
2016;Private Unternehmen;Bayern;1063;260649242;10263889695;400140905;30832817679;644178823
2016;Private Unternehmen;Berlin;46;21640919;5990110156;176790067;10374125814;9095482
2016;Private Unternehmen;Brandenburg;81;2529114;366596653;13367764;657467048;2430012
2016;Private Unternehmen;Bremen;6;107134;15769318;823568;29800527;322392
2016;Private Unternehmen;Hamburg;28;2003557;192071331;7842116;389253504;7262210
2016;Private Unternehmen;Hessen;318;114886301;3937266780;147101301;9031584701;148802754
2016;Private Unternehmen;Mecklenburg-Vorpommern;63;4556082;384010421;14680128;723998015;8679858
2016;Private Unternehmen;Niedersachsen;257;93489766;3813802859;106709884;10477328110;192705409
2016;Private Unternehmen;Nordrhein-Westfalen;656;125695822;5393178258;229273995;14136422669;246369019
2016;Private Unternehmen;Rheinland-Pfalz;206;104020757;2967402764;127026551;9122655974;160243087
2016;Private Unternehmen;Saarland;37;1694680;326195999;14875206;497470478;3259996
2016;Private Unternehmen;Sachsen;252;36532613;1662167366;66846584;4162380660;79012289
2016;Private Unternehmen;Sachsen-Anhalt;107;36406022;1030948120;42164347;3126735247;76365787
2016;Private Unternehmen;Schleswig-Holstein;88;27305854;1048283286;34498968;3914898810;67153352
2016;Private Unternehmen;Thüringen;119;3051024;430070369;18818717;811413591;3876278
2017;Öffentliche Unternehmen;Baden-Württemberg;32;1009358992;7281776646;277128157;34106008355;1290684133
2017;Öffentliche Unternehmen;Bayern;72;1083242011;5565191328;222516130;31507444370;1051779127
2017;Öffentliche Unternehmen;Berlin;2;1500106000;9184350365;165273429;35632124084;1592495719
2017;Öffentliche Unternehmen;Brandenburg;22;132178008;1325138530;79556303;6302912118;123517857
2017;Öffentliche Unternehmen;Bremen;3;155537346;1039769480;56881307;5863226319;172880221
2017;Öffentliche Unternehmen;Hamburg;4;728818515;4521493253;105764051;19550565655;771537217
2017;Öffentliche Unternehmen;Hessen;43;1972350638;37377751922;515715178;148940836491;6704109169
2017;Öffentliche Unternehmen;Mecklenburg-Vorpommern;13;113324470;1057096368;68347286;5741925150;158474982
2017;Öffentliche Unternehmen;Niedersachsen;75;459797277;3187682213;190639768;18126267459;466541990
2017;Öffentliche Unternehmen;Nordrhein-Westfalen;49;1918609251;11866622755;451706983;53084152375;1998035164
2017;Öffentliche Unternehmen;Rheinland-Pfalz;10;117682589;730069229;38002484;3988279003;128988298
2017;Öffentliche Unternehmen;Saarland;4;57073461;373134036;20470621;1873172190;69389356
2017;Öffentliche Unternehmen;Sachsen;19;412403520;2274736861;126306799;13664106051;395199484
2017;Öffentliche Unternehmen;Sachsen-Anhalt;18;153585148;1624180923;77720221;9839395776;215147265
2017;Öffentliche Unternehmen;Schleswig-Holstein;10;128576649;1489404271;66052970;6404443315;140721984
2017;Öffentliche Unternehmen;Thüringen;22;149693252;1050369861;75749687;7754995578;175968944
2017;Gemischtwirtschaftliche Unternehmen;Baden-Württemberg;9;21356750;148288574;8490436;503732067;25097698
2017;Gemischtwirtschaftliche Unternehmen;Bayern;8;49831162;750798904;39756751;5060793978;101707984
2017;Gemischtwirtschaftliche Unternehmen;Berlin;2;7341299;191938608;8110958;1005742138;6100348
2017;Gemischtwirtschaftliche Unternehmen;Brandenburg;0;0;0;0;0;0
2017;Gemischtwirtschaftliche Unternehmen;Bremen;1;2279;1323500;62232;3111600;0
2017;Gemischtwirtschaftliche Unternehmen;Hamburg;1;187768;32463841;1518182;70771396;0
2017;Gemischtwirtschaftliche Unternehmen;Hessen;4;8413059;118697018;6491501;495040497;11149979
2017;Gemischtwirtschaftliche Unternehmen;Mecklenburg-Vorpommern;3;19794873;801730989;10578612;6762100792;30990216
2017;Gemischtwirtschaftliche Unternehmen;Niedersachsen;11;78873867;1470272349;43394960;4580359257;83133647
2017;Gemischtwirtschaftliche Unternehmen;Nordrhein-Westfalen;17;279452974;2146503862;78813687;8085518498;247202457
2017;Gemischtwirtschaftliche Unternehmen;Rheinland-Pfalz;7;34331641;386270004;35644464;2437462401;70794809
2017;Gemischtwirtschaftliche Unternehmen;Saarland;0;0;0;0;0;0
2017;Gemischtwirtschaftliche Unternehmen;Sachsen;6;13896426;210280545;12051047;967407395;16927766
2017;Gemischtwirtschaftliche Unternehmen;Sachsen-Anhalt;2;5885880;63593195;5696509;482161853;8424942
2017;Gemischtwirtschaftliche Unternehmen;Schleswig-Holstein;3;6997660;76667636;5485871;380424973;11390889
2017;Gemischtwirtschaftliche Unternehmen;Thüringen;4;16334795;146842723;14035880;1016649908;21060789
2017;Private Unternehmen;Baden-Württemberg;536;167070940;3627326640;182523538;11261806621;239993513
2017;Private Unternehmen;Bayern;1050;257021327;9633746112;388072426;30003874339;680425937
2017;Private Unternehmen;Berlin;43;24260414;6645193913;200199264;11825694758;15031140
2017;Private Unternehmen;Brandenburg;80;2487350;340295222;13171096;622516861;2268018
2017;Private Unternehmen;Bremen;6;104977;15249108;855170;29139526;315528
2017;Private Unternehmen;Hamburg;32;2116225;218948341;12673403;655716944;8685170
2017;Private Unternehmen;Hessen;300;77388057;2479166085;123457611;7285845346;155306679
2017;Private Unternehmen;Mecklenburg-Vorpommern;57;1537718;229396422;8016485;401006880;4647913
2017;Private Unternehmen;Niedersachsen;247;96261307;3860426137;107346727;10593899882;202320963
2017;Private Unternehmen;Nordrhein-Westfalen;647;118032801;4841402958;196649988;12379465156;322735794
2017;Private Unternehmen;Rheinland-Pfalz;205;106635123;3005288479;129483313;9199192687;162655739
2017;Private Unternehmen;Saarland;36;1628184;295066219;13090011;445149785;3518099
2017;Private Unternehmen;Sachsen;243;34413080;1413585735;63050097;3946048552;82227547
2017;Private Unternehmen;Sachsen-Anhalt;106;17580366;685762878;33358599;2640904579;32743830
2017;Private Unternehmen;Schleswig-Holstein;87;17586651;612145481;31224242;1938127525;28010421
2017;Private Unternehmen;Thüringen;119;2973898;434829930;18005449;809344512;4030380
2018;Öffentliche Unternehmen;Baden-Württemberg;29;1011133664;7144649341;274609044;35029288678;1312604340
2018;Öffentliche Unternehmen;Bayern;71;1085807286;5564720105;223267470;31966706418;1059574751
2018;Öffentliche Unternehmen;Berlin;2;1579994240;9387888067;165255656;35474307406;2039203431
2018;Öffentliche Unternehmen;Brandenburg;20;135419353;1309146639;82668776;6491458093;117297964
2018;Öffentliche Unternehmen;Bremen;3;152074959;995335070;56534913;5529223424;152208392
2018;Öffentliche Unternehmen;Hamburg;4;735599031;4550059949;107553661;20206641914;816897832
2018;Öffentliche Unternehmen;Hessen;38;2000347487;37542999850;508722363;145542778933;7876790335
2018;Öffentliche Unternehmen;Mecklenburg-Vorpommern;12;104490519;851150113;62991644;5137176534;139644387
2018;Öffentliche Unternehmen;Niedersachsen;73;464440471;3092506595;192195441;17947238572;457755214
2018;Öffentliche Unternehmen;Nordrhein-Westfalen;45;1875640815;11401038730;445345059;52430542085;1938447752
2018;Öffentliche Unternehmen;Rheinland-Pfalz;9;115197955;607185776;24996025;2685078952;109394611
2018;Öffentliche Unternehmen;Saarland;4;56459392;374397521;20465634;1825368957;68739846
2018;Öffentliche Unternehmen;Sachsen;19;413556119;2256191051;126556597;13766852583;401867015
2018;Öffentliche Unternehmen;Sachsen-Anhalt;18;160029560;1667687484;79476853;7805870170;188558046
2018;Öffentliche Unternehmen;Schleswig-Holstein;10;134243784;1570802915;68788886;7070229723;157941386
2018;Öffentliche Unternehmen;Thüringen;22;151336938;1055134827;76112764;7862714482;179384299
2018;Gemischtwirtschaftliche Unternehmen;Baden-Württemberg;9;21570695;151221309;8477651;699189505;24319259
2018;Gemischtwirtschaftliche Unternehmen;Bayern;7;53393193;748904215;39232434;4856137921;105256971
2018;Gemischtwirtschaftliche Unternehmen;Berlin;2;7130012;187986614;8448658;986393786;6249473
2018;Gemischtwirtschaftliche Unternehmen;Brandenburg;0;0;0;0;0;0
2018;Gemischtwirtschaftliche Unternehmen;Bremen;1;2279;1323500;62232;3111600;0
2018;Gemischtwirtschaftliche Unternehmen;Hamburg;1;236644;39509224;1697994;62459096;0
2018;Gemischtwirtschaftliche Unternehmen;Hessen;3;8894306;123495105;6599166;502478340;11513354
2018;Gemischtwirtschaftliche Unternehmen;Mecklenburg-Vorpommern;2;509000;6048829;133388;15102620;3890153
2018;Gemischtwirtschaftliche Unternehmen;Niedersachsen;11;79789314;1492084947;48150102;4830263326;84945294
2018;Gemischtwirtschaftliche Unternehmen;Nordrhein-Westfalen;17;271388056;1992238361;79554557;7993102357;273429469
2018;Gemischtwirtschaftliche Unternehmen;Rheinland-Pfalz;7;34139435;370097176;33630191;2358656060;69611553
2018;Gemischtwirtschaftliche Unternehmen;Saarland;0;0;0;0;0;0
2018;Gemischtwirtschaftliche Unternehmen;Sachsen;6;16397666;230299459;14255353;1153646674;19424383
2018;Gemischtwirtschaftliche Unternehmen;Sachsen-Anhalt;2;1996162;21628953;1105978;87384070;1872097
2018;Gemischtwirtschaftliche Unternehmen;Schleswig-Holstein;3;6145960;75417670;5300306;440514423;10101275
2018;Gemischtwirtschaftliche Unternehmen;Thüringen;4;16276115;149941256;13983697;1026949033;20595009
2018;Private Unternehmen;Baden-Württemberg;527;176695936;3935505551;200124297;11840785355;255131313
2018;Private Unternehmen;Bayern;1038;253748628;9533827621;388265252;30159712733;692185616
2018;Private Unternehmen;Berlin;41;24473570;6535033847;201896557;12056539185;17143846
2018;Private Unternehmen;Brandenburg;74;2338236;292503607;11916102;565661381;2266001
2018;Private Unternehmen;Bremen;6;139295;30184746;976038;48268497;315528
2018;Private Unternehmen;Hamburg;29;1918869;172821985;7788843;342959698;9363713
2018;Private Unternehmen;Hessen;289;78970615;2475752607;135872154;8234643434;156331322
2018;Private Unternehmen;Mecklenburg-Vorpommern;55;20131490;988538188;17333195;7023568179;27694861
2018;Private Unternehmen;Niedersachsen;240;94305807;3723159022;103871823;10386643363;206574451
2018;Private Unternehmen;Nordrhein-Westfalen;637;127072398;5960166607;205724564;18875204524;392186024
2018;Private Unternehmen;Rheinland-Pfalz;192;143507071;3402539699;153361764;11020603364;250106490
2018;Private Unternehmen;Saarland;33;1414771;276927225;12310198;425652258;3116044
2018;Private Unternehmen;Sachsen;239;32633204;1356495151;62236098;3656152757;83530853
2018;Private Unternehmen;Sachsen-Anhalt;111;20147631;699264654;31389771;1999146347;35085683
2018;Private Unternehmen;Schleswig-Holstein;83;15445091;568157580;26192891;1517064618;26228968
2018;Private Unternehmen;Thüringen;121;3225512;464609153;18502220;832188753;4782994
__________
(C)opyright Statistisches Bundesamt (Destatis), 2020
Stand: 30.01.2020 / 17:40:12
